start_year,minerals_definition,outcome,sample,estimator,interaction_coef,std_error,p_value,n_obs,status,note
2013,narrow,level,full,OLS,-2.670295,0.968906,0.005851,24.0,ok,
2013,narrow,level,full,ARDL_long_run,1.014776,1.563928,0.531045,24.0,ok,"AIC lags y=[1]; x={'minerals_narrow_B': [0, 1], 'brent_annual_mean': [0], 'kzt_usd': [0, 1], 'log_kz_gdp': [0, 1], 'post_2013': [0, 1], 'post_2013_x_minerals_narrow_B': [0, 1]}"
2013,narrow,level,full,DiD,,,,,skipped_data_unavailable,No donor/placebo annual bilateral panel in local files; see did_placebo_status.csv.
2013,narrow,level,ex_2009,OLS,-2.995912,1.171112,0.010522,23.0,ok,
2013,narrow,level,ex_2009,ARDL_long_run,-0.493453,0.596539,0.427426,23.0,ok,"AIC lags y=[1]; x={'minerals_narrow_B': [0, 1], 'brent_annual_mean': [0], 'log_kz_gdp': [0, 1], 'log_cn_gdp': [0], 'post_2013': [0, 1], 'post_2013_x_minerals_narrow_B': [0, 1]}"
2013,narrow,level,ex_2009,DiD,,,,,skipped_data_unavailable,No donor/placebo annual bilateral panel in local files; see did_placebo_status.csv.
2013,narrow,level,ex_2020,OLS,-2.74369,0.717973,0.000133,23.0,ok,
2013,narrow,level,ex_2020,ARDL_long_run,0.540511,1.806302,0.771555,23.0,ok,"AIC lags y=[1]; x={'minerals_narrow_B': [0, 1], 'brent_annual_mean': [0, 1], 'log_kz_gdp': [0, 1], 'log_cn_gdp': [0], 'post_2013': [0, 1], 'post_2013_x_minerals_narrow_B': [0, 1]}"
2013,narrow,level,ex_2020,DiD,,,,,skipped_data_unavailable,No donor/placebo annual bilateral panel in local files; see did_placebo_status.csv.
2013,narrow,level,ex_both,OLS,-3.333144,0.964212,0.000547,22.0,ok,
2013,narrow,level,ex_both,ARDL_long_run,-2.977865,0.536586,9.4e-05,22.0,ok,"AIC lags y=None; x={'minerals_narrow_B': [0, 1], 'brent_annual_mean': [0], 'log_kz_gdp': [0], 'log_cn_gdp': [0], 'post_2013': [0, 1], 'post_2013_x_minerals_narrow_B': [0]}"
2013,narrow,level,ex_both,DiD,,,,,skipped_data_unavailable,No donor/placebo annual bilateral panel in local files; see did_placebo_status.csv.
2013,narrow,ratio,full,OLS,-0.074718,0.076363,0.327842,24.0,ok,
2013,narrow,ratio,full,ARDL_long_run,0.449736,0.25572,0.102128,24.0,ok,"AIC lags y=[1]; x={'minerals_narrow_B': [0, 1], 'brent_annual_mean': [0], 'log_kz_gdp': [0, 1], 'post_2013': [0, 1], 'post_2013_x_minerals_narrow_B': [0]}"
2013,narrow,ratio,full,DiD,,,,,skipped_data_unavailable,No donor/placebo annual bilateral panel in local files; see did_placebo_status.csv.
2013,narrow,ratio,ex_2009,OLS,-0.052996,0.090393,0.557683,23.0,ok,
2013,narrow,ratio,ex_2009,ARDL_long_run,,,,,failed,interaction not selected by AIC ARDL
2013,narrow,ratio,ex_2009,DiD,,,,,skipped_data_unavailable,No donor/placebo annual bilateral panel in local files; see did_placebo_status.csv.
2013,narrow,ratio,ex_2020,OLS,-0.081142,0.052289,0.120714,23.0,ok,
2013,narrow,ratio,ex_2020,ARDL_long_run,0.071131,0.031827,0.055863,23.0,ok,"AIC lags y=[1]; x={'minerals_narrow_B': [0, 1], 'brent_annual_mean': [0, 1], 'kzt_usd': [0, 1], 'log_kz_gdp': [0, 1], 'log_cn_gdp': [0, 1], 'post_2013_x_minerals_narrow_B': [0, 1]}"
2013,narrow,ratio,ex_2020,DiD,,,,,skipped_data_unavailable,No donor/placebo annual bilateral panel in local files; see did_placebo_status.csv.
2013,narrow,ratio,ex_both,OLS,-0.081463,0.0708,0.249896,22.0,ok,
2013,narrow,ratio,ex_both,ARDL_long_run,0.298809,0.065809,0.001405,22.0,ok,"AIC lags y=[1]; x={'minerals_narrow_B': [0, 1], 'brent_annual_mean': [0], 'log_kz_gdp': [0, 1], 'log_cn_gdp': [0, 1], 'post_2013': [0], 'post_2013_x_minerals_narrow_B': [0, 1]}"
2013,narrow,ratio,ex_both,DiD,,,,,skipped_data_unavailable,No donor/placebo annual bilateral panel in local files; see did_placebo_status.csv.
2013,broad,level,full,OLS,-3.472996,0.555731,0.0,24.0,ok,
2013,broad,level,full,ARDL_long_run,-6.065056,0.866807,0.000113,24.0,ok,"AIC lags y=[1]; x={'minerals_broad_B': [0, 1], 'brent_annual_mean': [0, 1], 'kzt_usd': [0, 1], 'log_kz_gdp': [0], 'log_cn_gdp': [0, 1], 'post_2013': [0, 1], 'post_2013_x_minerals_broad_B': [0, 1]}"
2013,broad,level,full,DiD,,,,,skipped_data_unavailable,No donor/placebo annual bilateral panel in local files; see did_placebo_status.csv.
2013,broad,level,ex_2009,OLS,-3.809871,0.724084,0.0,23.0,ok,
2013,broad,level,ex_2009,ARDL_long_run,-6.341705,0.343894,0.0,23.0,ok,"AIC lags y=[1]; x={'minerals_broad_B': [0, 1], 'brent_annual_mean': [0, 1], 'kzt_usd': [0, 1], 'log_kz_gdp': [0, 1], 'log_cn_gdp': [0], 'post_2013': [0, 1], 'post_2013_x_minerals_broad_B': [0, 1]}"
2013,broad,level,ex_2009,DiD,,,,,skipped_data_unavailable,No donor/placebo annual bilateral panel in local files; see did_placebo_status.csv.
2013,broad,level,ex_2020,OLS,-3.24975,0.448836,0.0,23.0,ok,
2013,broad,level,ex_2020,ARDL_long_run,-7.219893,2.536856,0.019214,23.0,ok,"AIC lags y=[1]; x={'minerals_broad_B': [0, 1], 'brent_annual_mean': [0], 'kzt_usd': [0, 1], 'log_kz_gdp': [0], 'log_cn_gdp': [0], 'post_2013': [0, 1], 'post_2013_x_minerals_broad_B': [0, 1]}"
2013,broad,level,ex_2020,DiD,,,,,skipped_data_unavailable,No donor/placebo annual bilateral panel in local files; see did_placebo_status.csv.
2013,broad,level,ex_both,OLS,-3.7465,0.643006,0.0,22.0,ok,
2013,broad,level,ex_both,ARDL_long_run,-7.361219,2.036176,0.00683,22.0,ok,"AIC lags y=[1]; x={'minerals_broad_B': [0, 1], 'brent_annual_mean': [0], 'kzt_usd': [0, 1], 'log_kz_gdp': [0], 'log_cn_gdp': [0], 'post_2013': [0, 1], 'post_2013_x_minerals_broad_B': [0, 1]}"
2013,broad,level,ex_both,DiD,,,,,skipped_data_unavailable,No donor/placebo annual bilateral panel in local files; see did_placebo_status.csv.
2013,broad,ratio,full,OLS,-0.142791,0.054421,0.008694,24.0,ok,
2013,broad,ratio,full,ARDL_long_run,-0.111028,0.065313,0.11721,24.0,ok,"AIC lags y=[1]; x={'minerals_broad_B': [0, 1], 'kzt_usd': [0, 1], 'log_cn_gdp': [0, 1], 'post_2013': [0, 1], 'post_2013_x_minerals_broad_B': [0, 1]}"
2013,broad,ratio,full,DiD,,,,,skipped_data_unavailable,No donor/placebo annual bilateral panel in local files; see did_placebo_status.csv.
2013,broad,ratio,ex_2009,OLS,-0.123347,0.065237,0.058658,23.0,ok,
2013,broad,ratio,ex_2009,ARDL_long_run,-0.289342,0.043737,0.000167,23.0,ok,"AIC lags y=[1]; x={'minerals_broad_B': [0, 1], 'brent_annual_mean': [0, 1], 'kzt_usd': [0, 1], 'log_kz_gdp': [0, 1], 'post_2013': [0, 1], 'post_2013_x_minerals_broad_B': [0, 1]}"
2013,broad,ratio,ex_2009,DiD,,,,,skipped_data_unavailable,No donor/placebo annual bilateral panel in local files; see did_placebo_status.csv.
2013,broad,ratio,ex_2020,OLS,-0.120393,0.041389,0.003628,23.0,ok,
2013,broad,ratio,ex_2020,ARDL_long_run,-0.407231,0.136771,0.01154,23.0,ok,"AIC lags y=[1]; x={'minerals_broad_B': [0, 1], 'brent_annual_mean': [0], 'log_kz_gdp': [0], 'log_cn_gdp': [0, 1], 'post_2013': [0], 'post_2013_x_minerals_broad_B': [0]}"
2013,broad,ratio,ex_2020,DiD,,,,,skipped_data_unavailable,No donor/placebo annual bilateral panel in local files; see did_placebo_status.csv.
2013,broad,ratio,ex_both,OLS,-0.117236,0.056234,0.037088,22.0,ok,
2013,broad,ratio,ex_both,ARDL_long_run,-0.373303,0.112475,0.006122,22.0,ok,"AIC lags y=[1]; x={'brent_annual_mean': [0, 1], 'log_kz_gdp': [0], 'log_cn_gdp': [0, 1], 'post_2013': [0], 'post_2013_x_minerals_broad_B': [0]}"
2013,broad,ratio,ex_both,DiD,,,,,skipped_data_unavailable,No donor/placebo annual bilateral panel in local files; see did_placebo_status.csv.
2013,wits_legacy,level,full,OLS,-3.453512,0.654755,0.0,24.0,ok,
2013,wits_legacy,level,full,ARDL_long_run,-3.096088,0.578084,0.000321,24.0,ok,"AIC lags y=[1]; x={'minerals_wits_legacy_B': [0, 1], 'brent_annual_mean': [0], 'kzt_usd': [0, 1], 'log_cn_gdp': [0, 1], 'post_2013': [0, 1], 'post_2013_x_minerals_wits_legacy_B': [0, 1]}"
2013,wits_legacy,level,full,DiD,,,,,skipped_data_unavailable,No donor/placebo annual bilateral panel in local files; see did_placebo_status.csv.
2013,wits_legacy,level,ex_2009,OLS,-3.914901,0.784878,1e-06,23.0,ok,
2013,wits_legacy,level,ex_2009,ARDL_long_run,-2.874942,0.336492,2e-06,23.0,ok,"AIC lags y=None; x={'minerals_wits_legacy_B': [0, 1], 'brent_annual_mean': [0], 'kzt_usd': [0, 1], 'log_kz_gdp': [0], 'post_2013': [0, 1], 'post_2013_x_minerals_wits_legacy_B': [0, 1]}"
2013,wits_legacy,level,ex_2009,DiD,,,,,skipped_data_unavailable,No donor/placebo annual bilateral panel in local files; see did_placebo_status.csv.
2013,wits_legacy,level,ex_2020,OLS,-3.219428,0.534439,0.0,23.0,ok,
2013,wits_legacy,level,ex_2020,ARDL_long_run,-2.225318,0.532623,0.001542,23.0,ok,"AIC lags y=None; x={'minerals_wits_legacy_B': [0, 1], 'brent_annual_mean': [0], 'kzt_usd': [0, 1], 'log_cn_gdp': [0, 1], 'post_2013': [0, 1], 'post_2013_x_minerals_wits_legacy_B': [0, 1]}"
2013,wits_legacy,level,ex_2020,DiD,,,,,skipped_data_unavailable,No donor/placebo annual bilateral panel in local files; see did_placebo_status.csv.
2013,wits_legacy,level,ex_both,OLS,-3.843447,0.704026,0.0,22.0,ok,
2013,wits_legacy,level,ex_both,ARDL_long_run,-4.099236,0.60715,8.3e-05,22.0,ok,"AIC lags y=[1]; x={'minerals_wits_legacy_B': [0, 1], 'brent_annual_mean': [0], 'kzt_usd': [0, 1], 'log_kz_gdp': [0], 'post_2013': [0, 1], 'post_2013_x_minerals_wits_legacy_B': [0, 1]}"
2013,wits_legacy,level,ex_both,DiD,,,,,skipped_data_unavailable,No donor/placebo annual bilateral panel in local files; see did_placebo_status.csv.
2013,wits_legacy,ratio,full,OLS,-0.144356,0.057126,0.011505,24.0,ok,
2013,wits_legacy,ratio,full,ARDL_long_run,0.143374,0.06306,0.044029,24.0,ok,"AIC lags y=[1]; x={'minerals_wits_legacy_B': [0, 1], 'brent_annual_mean': [0, 1], 'log_cn_gdp': [0, 1], 'post_2013': [0, 1], 'post_2013_x_minerals_wits_legacy_B': [0, 1]}"
2013,wits_legacy,ratio,full,DiD,,,,,skipped_data_unavailable,No donor/placebo annual bilateral panel in local files; see did_placebo_status.csv.
2013,wits_legacy,ratio,ex_2009,OLS,-0.132698,0.065508,0.042799,23.0,ok,
2013,wits_legacy,ratio,ex_2009,ARDL_long_run,-0.128752,0.028269,0.000824,23.0,ok,"AIC lags y=None; x={'minerals_wits_legacy_B': [0], 'brent_annual_mean': [0], 'kzt_usd': [0, 1], 'log_kz_gdp': [0], 'log_cn_gdp': [0, 1], 'post_2013': [0, 1], 'post_2013_x_minerals_wits_legacy_B': [0, 1]}"
2013,wits_legacy,ratio,ex_2009,DiD,,,,,skipped_data_unavailable,No donor/placebo annual bilateral panel in local files; see did_placebo_status.csv.
2013,wits_legacy,ratio,ex_2020,OLS,-0.121488,0.042143,0.003942,23.0,ok,
2013,wits_legacy,ratio,ex_2020,ARDL_long_run,0.042802,0.036408,0.262534,23.0,ok,"AIC lags y=[1]; x={'brent_annual_mean': [0, 1], 'log_kz_gdp': [0], 'log_cn_gdp': [0], 'post_2013': [0, 1], 'post_2013_x_minerals_wits_legacy_B': [0, 1]}"
2013,wits_legacy,ratio,ex_2020,DiD,,,,,skipped_data_unavailable,No donor/placebo annual bilateral panel in local files; see did_placebo_status.csv.
2013,wits_legacy,ratio,ex_both,OLS,-0.125972,0.055877,0.024167,22.0,ok,
2013,wits_legacy,ratio,ex_both,ARDL_long_run,-0.109991,0.06712,0.132308,22.0,ok,"AIC lags y=[1]; x={'brent_annual_mean': [0, 1], 'log_kz_gdp': [0], 'log_cn_gdp': [0, 1], 'post_2013': [0, 1], 'post_2013_x_minerals_wits_legacy_B': [0, 1]}"
2013,wits_legacy,ratio,ex_both,DiD,,,,,skipped_data_unavailable,No donor/placebo annual bilateral panel in local files; see did_placebo_status.csv.
2014,narrow,level,full,OLS,-3.220476,1.042891,0.002015,24.0,ok,
2014,narrow,level,full,ARDL_long_run,-1.731751,0.428019,0.001203,24.0,ok,"AIC lags y=None; x={'minerals_narrow_B': [0], 'brent_annual_mean': [0, 1], 'log_cn_gdp': [0, 1], 'post_2014': [0, 1], 'post_2014_x_minerals_narrow_B': [0, 1]}"
2014,narrow,level,full,DiD,,,,,skipped_data_unavailable,No donor/placebo annual bilateral panel in local files; see did_placebo_status.csv.
2014,narrow,level,ex_2009,OLS,-3.309086,1.166686,0.004564,23.0,ok,
2014,narrow,level,ex_2009,ARDL_long_run,-0.880328,0.83431,0.310569,23.0,ok,"AIC lags y=None; x={'minerals_narrow_B': [0, 1], 'log_kz_gdp': [0], 'log_cn_gdp': [0, 1], 'post_2014': [0, 1], 'post_2014_x_minerals_narrow_B': [0, 1]}"
2014,narrow,level,ex_2009,DiD,,,,,skipped_data_unavailable,No donor/placebo annual bilateral panel in local files; see did_placebo_status.csv.
2014,narrow,level,ex_2020,OLS,-3.266153,0.720787,6e-06,23.0,ok,
2014,narrow,level,ex_2020,ARDL_long_run,-13.701246,40.107036,0.737713,23.0,ok,"AIC lags y=[1]; x={'minerals_narrow_B': [0, 1], 'brent_annual_mean': [0], 'log_kz_gdp': [0], 'log_cn_gdp': [0], 'post_2014_x_minerals_narrow_B': [0]}"
2014,narrow,level,ex_2020,DiD,,,,,skipped_data_unavailable,No donor/placebo annual bilateral panel in local files; see did_placebo_status.csv.
2014,narrow,level,ex_both,OLS,-3.559223,0.862536,3.7e-05,22.0,ok,
2014,narrow,level,ex_both,ARDL_long_run,-2.629815,0.429019,2.6e-05,22.0,ok,"AIC lags y=None; x={'minerals_narrow_B': [0, 1], 'brent_annual_mean': [0], 'log_kz_gdp': [0], 'log_cn_gdp': [0], 'post_2014': [0], 'post_2014_x_minerals_narrow_B': [0]}"
2014,narrow,level,ex_both,DiD,,,,,skipped_data_unavailable,No donor/placebo annual bilateral panel in local files; see did_placebo_status.csv.
2014,narrow,ratio,full,OLS,-0.10065,0.0874,0.249483,24.0,ok,
2014,narrow,ratio,full,ARDL_long_run,,,,,failed,interaction not selected by AIC ARDL
2014,narrow,ratio,full,DiD,,,,,skipped_data_unavailable,No donor/placebo annual bilateral panel in local files; see did_placebo_status.csv.
2014,narrow,ratio,ex_2009,OLS,-0.082145,0.092222,0.373075,23.0,ok,
2014,narrow,ratio,ex_2009,ARDL_long_run,1.038312,2.327746,0.663497,23.0,ok,"AIC lags y=[1]; x={'minerals_narrow_B': [0, 1], 'log_kz_gdp': [0, 1], 'log_cn_gdp': [0], 'post_2014': [0, 1], 'post_2014_x_minerals_narrow_B': [0]}"
2014,narrow,ratio,ex_2009,DiD,,,,,skipped_data_unavailable,No donor/placebo annual bilateral panel in local files; see did_placebo_status.csv.
2014,narrow,ratio,ex_2020,OLS,-0.104821,0.057242,0.067073,23.0,ok,
2014,narrow,ratio,ex_2020,ARDL_long_run,0.194941,0.091189,0.061244,23.0,ok,"AIC lags y=[1]; x={'minerals_narrow_B': [0, 1], 'brent_annual_mean': [0, 1], 'kzt_usd': [0], 'log_kz_gdp': [0, 1], 'log_cn_gdp': [0, 1], 'post_2014_x_minerals_narrow_B': [0, 1]}"
2014,narrow,ratio,ex_2020,DiD,,,,,skipped_data_unavailable,No donor/placebo annual bilateral panel in local files; see did_placebo_status.csv.
2014,narrow,ratio,ex_both,OLS,-0.104181,0.064596,0.106784,22.0,ok,
2014,narrow,ratio,ex_both,ARDL_long_run,0.324023,0.125079,0.026925,22.0,ok,"AIC lags y=[1]; x={'minerals_narrow_B': [0, 1], 'brent_annual_mean': [0], 'log_kz_gdp': [0, 1], 'log_cn_gdp': [0, 1], 'post_2014_x_minerals_narrow_B': [0, 1]}"
2014,narrow,ratio,ex_both,DiD,,,,,skipped_data_unavailable,No donor/placebo annual bilateral panel in local files; see did_placebo_status.csv.
2014,broad,level,full,OLS,-3.673711,0.541458,0.0,24.0,ok,
2014,broad,level,full,ARDL_long_run,-4.488005,0.849214,0.000504,24.0,ok,"AIC lags y=[1]; x={'minerals_broad_B': [0, 1], 'kzt_usd': [0, 1], 'log_kz_gdp': [0, 1], 'log_cn_gdp': [0, 1], 'post_2014': [0, 1], 'post_2014_x_minerals_broad_B': [0, 1]}"
2014,broad,level,full,DiD,,,,,skipped_data_unavailable,No donor/placebo annual bilateral panel in local files; see did_placebo_status.csv.
2014,broad,level,ex_2009,OLS,-3.841202,0.598705,0.0,23.0,ok,
2014,broad,level,ex_2009,ARDL_long_run,-3.285147,1.025413,0.012542,23.0,ok,"AIC lags y=None; x={'minerals_broad_B': [0, 1], 'brent_annual_mean': [0, 1], 'kzt_usd': [0, 1], 'log_kz_gdp': [0, 1], 'log_cn_gdp': [0, 1], 'post_2014': [0, 1], 'post_2014_x_minerals_broad_B': [0, 1]}"
2014,broad,level,ex_2009,DiD,,,,,skipped_data_unavailable,No donor/placebo annual bilateral panel in local files; see did_placebo_status.csv.
2014,broad,level,ex_2020,OLS,-3.46704,0.436823,0.0,23.0,ok,
2014,broad,level,ex_2020,ARDL_long_run,-5.012962,1.982742,0.029958,23.0,ok,"AIC lags y=[1]; x={'minerals_broad_B': [0, 1], 'kzt_usd': [0, 1], 'log_cn_gdp': [0, 1], 'post_2014': [0, 1], 'post_2014_x_minerals_broad_B': [0, 1]}"
2014,broad,level,ex_2020,DiD,,,,,skipped_data_unavailable,No donor/placebo annual bilateral panel in local files; see did_placebo_status.csv.
2014,broad,level,ex_both,OLS,-3.747879,0.518209,0.0,22.0,ok,
2014,broad,level,ex_both,ARDL_long_run,0.716861,2.716328,0.800681,22.0,ok,"AIC lags y=[1]; x={'minerals_broad_B': [0, 1], 'brent_annual_mean': [0, 1], 'kzt_usd': [0, 1], 'log_kz_gdp': [0], 'log_cn_gdp': [0, 1], 'post_2014': [0, 1], 'post_2014_x_minerals_broad_B': [0, 1]}"
2014,broad,level,ex_both,DiD,,,,,skipped_data_unavailable,No donor/placebo annual bilateral panel in local files; see did_placebo_status.csv.
2014,broad,ratio,full,OLS,-0.156055,0.051378,0.002386,24.0,ok,
2014,broad,ratio,full,ARDL_long_run,-0.182483,0.03656,0.000544,24.0,ok,"AIC lags y=[1]; x={'minerals_broad_B': [0, 1], 'brent_annual_mean': [0], 'kzt_usd': [0, 1], 'log_cn_gdp': [0, 1], 'post_2014': [0, 1], 'post_2014_x_minerals_broad_B': [0, 1]}"
2014,broad,ratio,full,DiD,,,,,skipped_data_unavailable,No donor/placebo annual bilateral panel in local files; see did_placebo_status.csv.
2014,broad,ratio,ex_2009,OLS,-0.143581,0.049126,0.00347,23.0,ok,
2014,broad,ratio,ex_2009,ARDL_long_run,-0.10585,0.060144,0.121813,23.0,ok,"AIC lags y=[1]; x={'minerals_broad_B': [0, 1], 'brent_annual_mean': [0, 1], 'kzt_usd': [0, 1], 'log_kz_gdp': [0], 'log_cn_gdp': [0, 1], 'post_2014': [0, 1], 'post_2014_x_minerals_broad_B': [0, 1]}"
2014,broad,ratio,ex_2009,DiD,,,,,skipped_data_unavailable,No donor/placebo annual bilateral panel in local files; see did_placebo_status.csv.
2014,broad,ratio,ex_2020,OLS,-0.133146,0.038113,0.000477,23.0,ok,
2014,broad,ratio,ex_2020,ARDL_long_run,-0.195482,0.045225,0.001507,23.0,ok,"AIC lags y=[1]; x={'minerals_broad_B': [0, 1], 'kzt_usd': [0, 1], 'log_kz_gdp': [0], 'log_cn_gdp': [0], 'post_2014': [0, 1], 'post_2014_x_minerals_broad_B': [0, 1]}"
2014,broad,ratio,ex_2020,DiD,,,,,skipped_data_unavailable,No donor/placebo annual bilateral panel in local files; see did_placebo_status.csv.
2014,broad,ratio,ex_both,OLS,-0.133684,0.038641,0.000541,22.0,ok,
2014,broad,ratio,ex_both,ARDL_long_run,-0.02486,0.114665,0.836928,22.0,ok,"AIC lags y=[1]; x={'minerals_broad_B': [0, 1], 'brent_annual_mean': [0, 1], 'kzt_usd': [0, 1], 'log_kz_gdp': [0, 1], 'log_cn_gdp': [0, 1], 'post_2014': [0, 1], 'post_2014_x_minerals_broad_B': [0, 1]}"
2014,broad,ratio,ex_both,DiD,,,,,skipped_data_unavailable,No donor/placebo annual bilateral panel in local files; see did_placebo_status.csv.
2014,wits_legacy,level,full,OLS,-3.883584,0.591852,0.0,24.0,ok,
2014,wits_legacy,level,full,ARDL_long_run,-4.311767,0.49449,1.1e-05,24.0,ok,"AIC lags y=None; x={'minerals_wits_legacy_B': [0, 1], 'brent_annual_mean': [0, 1], 'kzt_usd': [0, 1], 'log_kz_gdp': [0, 1], 'log_cn_gdp': [0, 1], 'post_2014': [0, 1], 'post_2014_x_minerals_wits_legacy_B': [0, 1]}"
2014,wits_legacy,level,full,DiD,,,,,skipped_data_unavailable,No donor/placebo annual bilateral panel in local files; see did_placebo_status.csv.
2014,wits_legacy,level,ex_2009,OLS,-4.074601,0.639678,0.0,23.0,ok,
2014,wits_legacy,level,ex_2009,ARDL_long_run,-1.451843,0.225652,3.2e-05,23.0,ok,"AIC lags y=None; x={'minerals_wits_legacy_B': [0, 1], 'log_kz_gdp': [0, 1], 'log_cn_gdp': [0, 1], 'post_2014': [0, 1], 'post_2014_x_minerals_wits_legacy_B': [0, 1]}"
2014,wits_legacy,level,ex_2009,DiD,,,,,skipped_data_unavailable,No donor/placebo annual bilateral panel in local files; see did_placebo_status.csv.
2014,wits_legacy,level,ex_2020,OLS,-3.660478,0.496709,0.0,23.0,ok,
2014,wits_legacy,level,ex_2020,ARDL_long_run,-3.400229,0.378327,1e-06,23.0,ok,"AIC lags y=None; x={'minerals_wits_legacy_B': [0, 1], 'kzt_usd': [0, 1], 'log_cn_gdp': [0, 1], 'post_2014': [0, 1], 'post_2014_x_minerals_wits_legacy_B': [0, 1]}"
2014,wits_legacy,level,ex_2020,DiD,,,,,skipped_data_unavailable,No donor/placebo annual bilateral panel in local files; see did_placebo_status.csv.
2014,wits_legacy,level,ex_both,OLS,-3.953043,0.561974,0.0,22.0,ok,
2014,wits_legacy,level,ex_both,ARDL_long_run,-1.525697,0.140561,1.2e-05,22.0,ok,"AIC lags y=None; x={'minerals_wits_legacy_B': [0, 1], 'brent_annual_mean': [0, 1], 'kzt_usd': [0, 1], 'log_kz_gdp': [0, 1], 'log_cn_gdp': [0, 1], 'post_2014': [0, 1], 'post_2014_x_minerals_wits_legacy_B': [0, 1]}"
2014,wits_legacy,level,ex_both,DiD,,,,,skipped_data_unavailable,No donor/placebo annual bilateral panel in local files; see did_placebo_status.csv.
2014,wits_legacy,ratio,full,OLS,-0.17179,0.055589,0.001999,24.0,ok,
2014,wits_legacy,ratio,full,ARDL_long_run,-0.195126,0.022575,6e-06,24.0,ok,"AIC lags y=[1]; x={'minerals_wits_legacy_B': [0, 1], 'brent_annual_mean': [0], 'kzt_usd': [0, 1], 'log_cn_gdp': [0, 1], 'post_2014': [0, 1], 'post_2014_x_minerals_wits_legacy_B': [0, 1]}"
2014,wits_legacy,ratio,full,DiD,,,,,skipped_data_unavailable,No donor/placebo annual bilateral panel in local files; see did_placebo_status.csv.
2014,wits_legacy,ratio,ex_2009,OLS,-0.160736,0.052558,0.002226,23.0,ok,
2014,wits_legacy,ratio,ex_2009,ARDL_long_run,-0.137851,0.057092,0.046463,23.0,ok,"AIC lags y=[1]; x={'minerals_wits_legacy_B': [0, 1], 'brent_annual_mean': [0, 1], 'kzt_usd': [0, 1], 'log_kz_gdp': [0], 'log_cn_gdp': [0, 1], 'post_2014': [0, 1], 'post_2014_x_minerals_wits_legacy_B': [0, 1]}"
2014,wits_legacy,ratio,ex_2009,DiD,,,,,skipped_data_unavailable,No donor/placebo annual bilateral panel in local files; see did_placebo_status.csv.
2014,wits_legacy,ratio,ex_2020,OLS,-0.146313,0.042137,0.000516,23.0,ok,
2014,wits_legacy,ratio,ex_2020,ARDL_long_run,-0.189429,0.018987,2e-06,23.0,ok,"AIC lags y=[1]; x={'minerals_wits_legacy_B': [0, 1], 'kzt_usd': [0, 1], 'log_kz_gdp': [0], 'log_cn_gdp': [0], 'post_2014': [0, 1], 'post_2014_x_minerals_wits_legacy_B': [0, 1]}"
2014,wits_legacy,ratio,ex_2020,DiD,,,,,skipped_data_unavailable,No donor/placebo annual bilateral panel in local files; see did_placebo_status.csv.
2014,wits_legacy,ratio,ex_both,OLS,-0.147498,0.041753,0.000411,22.0,ok,
2014,wits_legacy,ratio,ex_both,ARDL_long_run,-0.030742,0.021685,0.194042,22.0,ok,"AIC lags y=None; x={'minerals_wits_legacy_B': [0, 1], 'brent_annual_mean': [0, 1], 'kzt_usd': [0, 1], 'log_kz_gdp': [0], 'log_cn_gdp': [0, 1], 'post_2014': [0, 1], 'post_2014_x_minerals_wits_legacy_B': [0, 1]}"
2014,wits_legacy,ratio,ex_both,DiD,,,,,skipped_data_unavailable,No donor/placebo annual bilateral panel in local files; see did_placebo_status.csv.
2015,narrow,level,full,OLS,-3.967866,1.193717,0.000887,24.0,ok,
2015,narrow,level,full,ARDL_long_run,-5.589669,0.616123,1e-06,24.0,ok,"AIC lags y=None; x={'minerals_narrow_B': [0], 'brent_annual_mean': [0, 1], 'kzt_usd': [0], 'log_kz_gdp': [0, 1], 'post_2015': [0, 1], 'post_2015_x_minerals_narrow_B': [0, 1]}"
2015,narrow,level,full,DiD,,,,,skipped_data_unavailable,No donor/placebo annual bilateral panel in local files; see did_placebo_status.csv.
2015,narrow,level,ex_2009,OLS,-4.003701,1.25108,0.001373,23.0,ok,
2015,narrow,level,ex_2009,ARDL_long_run,-4.163251,0.922499,0.001968,23.0,ok,"AIC lags y=[1]; x={'minerals_narrow_B': [0, 1], 'brent_annual_mean': [0, 1], 'kzt_usd': [0], 'log_kz_gdp': [0], 'log_cn_gdp': [0, 1], 'post_2015': [0, 1], 'post_2015_x_minerals_narrow_B': [0, 1]}"
2015,narrow,level,ex_2009,DiD,,,,,skipped_data_unavailable,No donor/placebo annual bilateral panel in local files; see did_placebo_status.csv.
2015,narrow,level,ex_2020,OLS,-3.762141,0.874088,1.7e-05,23.0,ok,
2015,narrow,level,ex_2020,ARDL_long_run,-5.085571,0.372962,0.0,23.0,ok,"AIC lags y=None; x={'minerals_narrow_B': [0], 'brent_annual_mean': [0, 1], 'kzt_usd': [0], 'log_kz_gdp': [0, 1], 'post_2015': [0, 1], 'post_2015_x_minerals_narrow_B': [0, 1]}"
2015,narrow,level,ex_2020,DiD,,,,,skipped_data_unavailable,No donor/placebo annual bilateral panel in local files; see did_placebo_status.csv.
2015,narrow,level,ex_both,OLS,-3.879874,0.939218,3.6e-05,22.0,ok,
2015,narrow,level,ex_both,ARDL_long_run,-4.910201,0.26917,0.0,22.0,ok,"AIC lags y=None; x={'minerals_narrow_B': [0, 1], 'brent_annual_mean': [0, 1], 'kzt_usd': [0, 1], 'log_kz_gdp': [0, 1], 'log_cn_gdp': [0, 1], 'post_2015': [0, 1], 'post_2015_x_minerals_narrow_B': [0, 1]}"
2015,narrow,level,ex_both,DiD,,,,,skipped_data_unavailable,No donor/placebo annual bilateral panel in local files; see did_placebo_status.csv.
2015,narrow,ratio,full,OLS,-0.161918,0.099276,0.102891,24.0,ok,
2015,narrow,ratio,full,ARDL_long_run,-0.311439,0.045917,2e-05,24.0,ok,"AIC lags y=None; x={'minerals_narrow_B': [0], 'brent_annual_mean': [0, 1], 'kzt_usd': [0, 1], 'log_kz_gdp': [0, 1], 'post_2015': [0, 1], 'post_2015_x_minerals_narrow_B': [0, 1]}"
2015,narrow,ratio,full,DiD,,,,,skipped_data_unavailable,No donor/placebo annual bilateral panel in local files; see did_placebo_status.csv.
2015,narrow,ratio,ex_2009,OLS,-0.153363,0.100177,0.125791,23.0,ok,
2015,narrow,ratio,ex_2009,ARDL_long_run,-0.173608,0.058856,0.018434,23.0,ok,"AIC lags y=[1]; x={'minerals_narrow_B': [0, 1], 'brent_annual_mean': [0, 1], 'kzt_usd': [0], 'log_kz_gdp': [0], 'log_cn_gdp': [0, 1], 'post_2015': [0, 1], 'post_2015_x_minerals_narrow_B': [0, 1]}"
2015,narrow,ratio,ex_2009,DiD,,,,,skipped_data_unavailable,No donor/placebo annual bilateral panel in local files; see did_placebo_status.csv.
2015,narrow,ratio,ex_2020,OLS,-0.143236,0.07086,0.043238,23.0,ok,
2015,narrow,ratio,ex_2020,ARDL_long_run,-0.504528,0.152676,0.009163,23.0,ok,"AIC lags y=[1]; x={'brent_annual_mean': [0, 1], 'kzt_usd': [0], 'log_kz_gdp': [0, 1], 'log_cn_gdp': [0, 1], 'post_2015': [0, 1], 'post_2015_x_minerals_narrow_B': [0, 1]}"
2015,narrow,ratio,ex_2020,DiD,,,,,skipped_data_unavailable,No donor/placebo annual bilateral panel in local files; see did_placebo_status.csv.
2015,narrow,ratio,ex_both,OLS,-0.142822,0.072758,0.049649,22.0,ok,
2015,narrow,ratio,ex_both,ARDL_long_run,-0.491056,0.170296,0.023532,22.0,ok,"AIC lags y=[1]; x={'minerals_narrow_B': [0, 1], 'brent_annual_mean': [0, 1], 'kzt_usd': [0], 'log_kz_gdp': [0], 'log_cn_gdp': [0, 1], 'post_2015': [0, 1], 'post_2015_x_minerals_narrow_B': [0, 1]}"
2015,narrow,ratio,ex_both,DiD,,,,,skipped_data_unavailable,No donor/placebo annual bilateral panel in local files; see did_placebo_status.csv.
2015,broad,level,full,OLS,-3.997652,0.627956,0.0,24.0,ok,
2015,broad,level,full,ARDL_long_run,-4.470359,0.351314,0.0,24.0,ok,"AIC lags y=None; x={'minerals_broad_B': [0], 'brent_annual_mean': [0], 'kzt_usd': [0, 1], 'log_kz_gdp': [0], 'post_2015': [0], 'post_2015_x_minerals_broad_B': [0]}"
2015,broad,level,full,DiD,,,,,skipped_data_unavailable,No donor/placebo annual bilateral panel in local files; see did_placebo_status.csv.
2015,broad,level,ex_2009,OLS,-4.403235,0.621812,0.0,23.0,ok,
2015,broad,level,ex_2009,ARDL_long_run,-4.619247,0.401523,0.0,23.0,ok,"AIC lags y=[1]; x={'minerals_broad_B': [0, 1], 'brent_annual_mean': [0], 'kzt_usd': [0, 1], 'log_cn_gdp': [0, 1], 'post_2015': [0], 'post_2015_x_minerals_broad_B': [0, 1]}"
2015,broad,level,ex_2009,DiD,,,,,skipped_data_unavailable,No donor/placebo annual bilateral panel in local files; see did_placebo_status.csv.
2015,broad,level,ex_2020,OLS,-3.634652,0.569257,0.0,23.0,ok,
2015,broad,level,ex_2020,ARDL_long_run,-5.569413,2.163492,0.024353,23.0,ok,"AIC lags y=[1]; x={'brent_annual_mean': [0, 1], 'log_kz_gdp': [0], 'log_cn_gdp': [0, 1], 'post_2015': [0], 'post_2015_x_minerals_broad_B': [0, 1]}"
2015,broad,level,ex_2020,DiD,,,,,skipped_data_unavailable,No donor/placebo annual bilateral panel in local files; see did_placebo_status.csv.
2015,broad,level,ex_both,OLS,-4.142905,0.566303,0.0,22.0,ok,
2015,broad,level,ex_both,ARDL_long_run,-5.468277,0.320262,3e-06,22.0,ok,"AIC lags y=[1]; x={'minerals_broad_B': [0, 1], 'brent_annual_mean': [0, 1], 'kzt_usd': [0], 'log_kz_gdp': [0, 1], 'log_cn_gdp': [0, 1], 'post_2015': [0, 1], 'post_2015_x_minerals_broad_B': [0, 1]}"
2015,broad,level,ex_both,DiD,,,,,skipped_data_unavailable,No donor/placebo annual bilateral panel in local files; see did_placebo_status.csv.
2015,broad,ratio,full,OLS,-0.191228,0.055839,0.000616,24.0,ok,
2015,broad,ratio,full,ARDL_long_run,-0.265255,0.017475,0.0,24.0,ok,"AIC lags y=None; x={'minerals_broad_B': [0], 'kzt_usd': [0, 1], 'log_kz_gdp': [0, 1], 'post_2015': [0, 1], 'post_2015_x_minerals_broad_B': [0]}"
2015,broad,ratio,full,DiD,,,,,skipped_data_unavailable,No donor/placebo annual bilateral panel in local files; see did_placebo_status.csv.
2015,broad,ratio,ex_2009,OLS,-0.182169,0.054905,0.000907,23.0,ok,
2015,broad,ratio,ex_2009,ARDL_long_run,-0.28289,0.025456,0.0,23.0,ok,"AIC lags y=None; x={'minerals_broad_B': [0], 'kzt_usd': [0, 1], 'log_kz_gdp': [0, 1], 'log_cn_gdp': [0, 1], 'post_2015': [0, 1], 'post_2015_x_minerals_broad_B': [0]}"
2015,broad,ratio,ex_2009,DiD,,,,,skipped_data_unavailable,No donor/placebo annual bilateral panel in local files; see did_placebo_status.csv.
2015,broad,ratio,ex_2020,OLS,-0.158027,0.049552,0.001427,23.0,ok,
2015,broad,ratio,ex_2020,ARDL_long_run,-0.305751,0.049754,5e-05,23.0,ok,"AIC lags y=[1]; x={'brent_annual_mean': [0, 1], 'kzt_usd': [0], 'log_kz_gdp': [0], 'log_cn_gdp': [0, 1], 'post_2015_x_minerals_broad_B': [0, 1]}"
2015,broad,ratio,ex_2020,DiD,,,,,skipped_data_unavailable,No donor/placebo annual bilateral panel in local files; see did_placebo_status.csv.
2015,broad,ratio,ex_both,OLS,-0.161077,0.046412,0.000519,22.0,ok,
2015,broad,ratio,ex_both,ARDL_long_run,-0.254767,0.012061,1e-06,22.0,ok,"AIC lags y=[1]; x={'minerals_broad_B': [0, 1], 'brent_annual_mean': [0, 1], 'kzt_usd': [0], 'log_kz_gdp': [0, 1], 'log_cn_gdp': [0, 1], 'post_2015': [0, 1], 'post_2015_x_minerals_broad_B': [0, 1]}"
2015,broad,ratio,ex_both,DiD,,,,,skipped_data_unavailable,No donor/placebo annual bilateral panel in local files; see did_placebo_status.csv.
2015,wits_legacy,level,full,OLS,-4.755414,0.498177,0.0,24.0,ok,
2015,wits_legacy,level,full,ARDL_long_run,-4.126327,0.217746,0.0,24.0,ok,"AIC lags y=[1]; x={'minerals_wits_legacy_B': [0], 'brent_annual_mean': [0], 'kzt_usd': [0, 1], 'log_kz_gdp': [0], 'post_2015': [0, 1], 'post_2015_x_minerals_wits_legacy_B': [0]}"
2015,wits_legacy,level,full,DiD,,,,,skipped_data_unavailable,No donor/placebo annual bilateral panel in local files; see did_placebo_status.csv.
2015,wits_legacy,level,ex_2009,OLS,-4.931737,0.533841,0.0,23.0,ok,
2015,wits_legacy,level,ex_2009,ARDL_long_run,-4.53324,0.125964,0.0,23.0,ok,"AIC lags y=[1]; x={'minerals_wits_legacy_B': [0, 1], 'brent_annual_mean': [0], 'kzt_usd': [0, 1], 'log_cn_gdp': [0, 1], 'post_2015': [0, 1], 'post_2015_x_minerals_wits_legacy_B': [0, 1]}"
2015,wits_legacy,level,ex_2009,DiD,,,,,skipped_data_unavailable,No donor/placebo annual bilateral panel in local files; see did_placebo_status.csv.
2015,wits_legacy,level,ex_2020,OLS,-4.439514,0.534387,0.0,23.0,ok,
2015,wits_legacy,level,ex_2020,ARDL_long_run,-4.238772,0.300421,0.0,23.0,ok,"AIC lags y=[1]; x={'minerals_wits_legacy_B': [0], 'brent_annual_mean': [0], 'kzt_usd': [0, 1], 'log_cn_gdp': [0, 1], 'post_2015': [0, 1], 'post_2015_x_minerals_wits_legacy_B': [0]}"
2015,wits_legacy,level,ex_2020,DiD,,,,,skipped_data_unavailable,No donor/placebo annual bilateral panel in local files; see did_placebo_status.csv.
2015,wits_legacy,level,ex_both,OLS,-4.623883,0.573011,0.0,22.0,ok,
2015,wits_legacy,level,ex_both,ARDL_long_run,-4.590526,0.241058,1e-06,22.0,ok,"AIC lags y=[1]; x={'minerals_wits_legacy_B': [0, 1], 'brent_annual_mean': [0, 1], 'kzt_usd': [0], 'log_kz_gdp': [0, 1], 'log_cn_gdp': [0, 1], 'post_2015': [0, 1], 'post_2015_x_minerals_wits_legacy_B': [0, 1]}"
2015,wits_legacy,level,ex_both,DiD,,,,,skipped_data_unavailable,No donor/placebo annual bilateral panel in local files; see did_placebo_status.csv.
2015,wits_legacy,ratio,full,OLS,-0.240775,0.049614,1e-06,24.0,ok,
2015,wits_legacy,ratio,full,ARDL_long_run,-0.250376,0.013659,0.0,24.0,ok,"AIC lags y=[1]; x={'minerals_wits_legacy_B': [0], 'kzt_usd': [0, 1], 'log_kz_gdp': [0], 'post_2015': [0, 1], 'post_2015_x_minerals_wits_legacy_B': [0]}"
2015,wits_legacy,ratio,full,DiD,,,,,skipped_data_unavailable,No donor/placebo annual bilateral panel in local files; see did_placebo_status.csv.
2015,wits_legacy,ratio,ex_2009,OLS,-0.236797,0.047592,1e-06,23.0,ok,
2015,wits_legacy,ratio,ex_2009,ARDL_long_run,-0.246391,0.015118,0.0,23.0,ok,"AIC lags y=[1]; x={'minerals_wits_legacy_B': [0], 'brent_annual_mean': [0], 'kzt_usd': [0, 1], 'log_kz_gdp': [0], 'log_cn_gdp': [0, 1], 'post_2015': [0, 1], 'post_2015_x_minerals_wits_legacy_B': [0]}"
2015,wits_legacy,ratio,ex_2009,DiD,,,,,skipped_data_unavailable,No donor/placebo annual bilateral panel in local files; see did_placebo_status.csv.
2015,wits_legacy,ratio,ex_2020,OLS,-0.204327,0.051022,6.2e-05,23.0,ok,
2015,wits_legacy,ratio,ex_2020,ARDL_long_run,-0.212165,0.012609,0.0,23.0,ok,"AIC lags y=[1]; x={'minerals_wits_legacy_B': [0], 'brent_annual_mean': [0, 1], 'kzt_usd': [0, 1], 'log_kz_gdp': [0], 'post_2015': [0, 1], 'post_2015_x_minerals_wits_legacy_B': [0]}"
2015,wits_legacy,ratio,ex_2020,DiD,,,,,skipped_data_unavailable,No donor/placebo annual bilateral panel in local files; see did_placebo_status.csv.
2015,wits_legacy,ratio,ex_both,OLS,-0.205464,0.049014,2.8e-05,22.0,ok,
2015,wits_legacy,ratio,ex_both,ARDL_long_run,-0.237656,0.01078,4e-06,22.0,ok,"AIC lags y=[1]; x={'minerals_wits_legacy_B': [0, 1], 'brent_annual_mean': [0, 1], 'kzt_usd': [0, 1], 'log_kz_gdp': [0, 1], 'log_cn_gdp': [0, 1], 'post_2015': [0, 1], 'post_2015_x_minerals_wits_legacy_B': [0, 1]}"
2015,wits_legacy,ratio,ex_both,DiD,,,,,skipped_data_unavailable,No donor/placebo annual bilateral panel in local files; see did_placebo_status.csv.
2016,narrow,level,full,OLS,-4.880895,1.437505,0.000685,24.0,ok,
2016,narrow,level,full,ARDL_long_run,-2.535382,0.657305,0.00198,24.0,ok,"AIC lags y=None; x={'minerals_narrow_B': [0, 1], 'brent_annual_mean': [0, 1], 'kzt_usd': [0, 1], 'post_2016': [0, 1], 'post_2016_x_minerals_narrow_B': [0, 1]}"
2016,narrow,level,full,DiD,,,,,skipped_data_unavailable,No donor/placebo annual bilateral panel in local files; see did_placebo_status.csv.
2016,narrow,level,ex_2009,OLS,-5.019104,1.507537,0.000871,23.0,ok,
2016,narrow,level,ex_2009,ARDL_long_run,-3.638557,0.587097,0.000446,23.0,ok,"AIC lags y=[1]; x={'minerals_narrow_B': [0, 1], 'brent_annual_mean': [0, 1], 'kzt_usd': [0, 1], 'log_kz_gdp': [0], 'log_cn_gdp': [0, 1], 'post_2016': [0, 1], 'post_2016_x_minerals_narrow_B': [0, 1]}"
2016,narrow,level,ex_2009,DiD,,,,,skipped_data_unavailable,No donor/placebo annual bilateral panel in local files; see did_placebo_status.csv.
2016,narrow,level,ex_2020,OLS,-4.644724,1.061444,1.2e-05,23.0,ok,
2016,narrow,level,ex_2020,ARDL_long_run,-2.238958,0.499598,0.002052,23.0,ok,"AIC lags y=[1]; x={'minerals_narrow_B': [0, 1], 'brent_annual_mean': [0, 1], 'kzt_usd': [0, 1], 'log_cn_gdp': [0, 1], 'post_2016': [0, 1], 'post_2016_x_minerals_narrow_B': [0, 1]}"
2016,narrow,level,ex_2020,DiD,,,,,skipped_data_unavailable,No donor/placebo annual bilateral panel in local files; see did_placebo_status.csv.
2016,narrow,level,ex_both,OLS,-4.808945,1.142478,2.6e-05,22.0,ok,
2016,narrow,level,ex_both,ARDL_long_run,-8.674521,0.994299,1.1e-05,22.0,ok,"AIC lags y=None; x={'minerals_narrow_B': [0, 1], 'brent_annual_mean': [0, 1], 'kzt_usd': [0, 1], 'log_kz_gdp': [0], 'log_cn_gdp': [0, 1], 'post_2016': [0, 1], 'post_2016_x_minerals_narrow_B': [0]}"
2016,narrow,level,ex_both,DiD,,,,,skipped_data_unavailable,No donor/placebo annual bilateral panel in local files; see did_placebo_status.csv.
2016,narrow,ratio,full,OLS,-0.235787,0.114564,0.039579,24.0,ok,
2016,narrow,ratio,full,ARDL_long_run,-0.029586,0.059866,0.630089,24.0,ok,"AIC lags y=None; x={'minerals_narrow_B': [0, 1], 'brent_annual_mean': [0, 1], 'kzt_usd': [0, 1], 'log_kz_gdp': [0], 'post_2016': [0, 1], 'post_2016_x_minerals_narrow_B': [0, 1]}"
2016,narrow,ratio,full,DiD,,,,,skipped_data_unavailable,No donor/placebo annual bilateral panel in local files; see did_placebo_status.csv.
2016,narrow,ratio,ex_2009,OLS,-0.239956,0.118898,0.043574,23.0,ok,
2016,narrow,ratio,ex_2009,ARDL_long_run,-0.116778,0.068169,0.120854,23.0,ok,"AIC lags y=None; x={'minerals_narrow_B': [0, 1], 'brent_annual_mean': [0, 1], 'kzt_usd': [0, 1], 'log_kz_gdp': [0], 'log_cn_gdp': [0, 1], 'post_2016': [0, 1], 'post_2016_x_minerals_narrow_B': [0, 1]}"
2016,narrow,ratio,ex_2009,DiD,,,,,skipped_data_unavailable,No donor/placebo annual bilateral panel in local files; see did_placebo_status.csv.
2016,narrow,ratio,ex_2020,OLS,-0.212303,0.078676,0.006966,23.0,ok,
2016,narrow,ratio,ex_2020,ARDL_long_run,-0.112787,0.064266,0.107032,23.0,ok,"AIC lags y=None; x={'minerals_narrow_B': [0, 1], 'brent_annual_mean': [0, 1], 'kzt_usd': [0, 1], 'log_kz_gdp': [0], 'post_2016': [0, 1], 'post_2016_x_minerals_narrow_B': [0, 1]}"
2016,narrow,ratio,ex_2020,DiD,,,,,skipped_data_unavailable,No donor/placebo annual bilateral panel in local files; see did_placebo_status.csv.
2016,narrow,ratio,ex_both,OLS,-0.219275,0.082766,0.008065,22.0,ok,
2016,narrow,ratio,ex_both,ARDL_long_run,-0.477204,0.029409,0.0,22.0,ok,"AIC lags y=None; x={'brent_annual_mean': [0, 1], 'kzt_usd': [0, 1], 'log_kz_gdp': [0], 'log_cn_gdp': [0, 1], 'post_2016': [0, 1], 'post_2016_x_minerals_narrow_B': [0, 1]}"
2016,narrow,ratio,ex_both,DiD,,,,,skipped_data_unavailable,No donor/placebo annual bilateral panel in local files; see did_placebo_status.csv.
2016,broad,level,full,OLS,-4.253874,0.661899,0.0,24.0,ok,
2016,broad,level,full,ARDL_long_run,-4.586972,0.369746,0.0,24.0,ok,"AIC lags y=None; x={'minerals_broad_B': [0], 'brent_annual_mean': [0], 'kzt_usd': [0, 1], 'log_kz_gdp': [0], 'post_2016': [0], 'post_2016_x_minerals_broad_B': [0]}"
2016,broad,level,full,DiD,,,,,skipped_data_unavailable,No donor/placebo annual bilateral panel in local files; see did_placebo_status.csv.
2016,broad,level,ex_2009,OLS,-4.651863,0.728835,0.0,23.0,ok,
2016,broad,level,ex_2009,ARDL_long_run,-4.533629,0.228531,0.0,23.0,ok,"AIC lags y=[1]; x={'minerals_broad_B': [0, 1], 'brent_annual_mean': [0, 1], 'kzt_usd': [0, 1], 'log_cn_gdp': [0, 1], 'post_2016': [0], 'post_2016_x_minerals_broad_B': [0, 1]}"
2016,broad,level,ex_2009,DiD,,,,,skipped_data_unavailable,No donor/placebo annual bilateral panel in local files; see did_placebo_status.csv.
2016,broad,level,ex_2020,OLS,-3.77118,0.590006,0.0,23.0,ok,
2016,broad,level,ex_2020,ARDL_long_run,-4.305765,0.355642,0.0,23.0,ok,"AIC lags y=None; x={'minerals_broad_B': [0], 'brent_annual_mean': [0], 'kzt_usd': [0, 1], 'log_kz_gdp': [0], 'post_2016': [0], 'post_2016_x_minerals_broad_B': [0]}"
2016,broad,level,ex_2020,DiD,,,,,skipped_data_unavailable,No donor/placebo annual bilateral panel in local files; see did_placebo_status.csv.
2016,broad,level,ex_both,OLS,-4.159906,0.715853,0.0,22.0,ok,
2016,broad,level,ex_both,ARDL_long_run,-5.484289,0.293743,8e-06,22.0,ok,"AIC lags y=[1]; x={'minerals_broad_B': [0, 1], 'brent_annual_mean': [0, 1], 'kzt_usd': [0, 1], 'log_kz_gdp': [0, 1], 'log_cn_gdp': [0, 1], 'post_2016': [0, 1], 'post_2016_x_minerals_broad_B': [0, 1]}"
2016,broad,level,ex_both,DiD,,,,,skipped_data_unavailable,No donor/placebo annual bilateral panel in local files; see did_placebo_status.csv.
2016,broad,ratio,full,OLS,-0.229677,0.051806,9e-06,24.0,ok,
2016,broad,ratio,full,ARDL_long_run,-0.186738,0.032352,0.00018,24.0,ok,"AIC lags y=[1]; x={'minerals_broad_B': [0, 1], 'brent_annual_mean': [0, 1], 'kzt_usd': [0, 1], 'log_kz_gdp': [0], 'post_2016': [0, 1], 'post_2016_x_minerals_broad_B': [0, 1]}"
2016,broad,ratio,full,DiD,,,,,skipped_data_unavailable,No donor/placebo annual bilateral panel in local files; see did_placebo_status.csv.
2016,broad,ratio,ex_2009,OLS,-0.245723,0.052841,3e-06,23.0,ok,
2016,broad,ratio,ex_2009,ARDL_long_run,-0.196325,0.0126,0.0,23.0,ok,"AIC lags y=[1]; x={'minerals_broad_B': [0, 1], 'brent_annual_mean': [0], 'kzt_usd': [0, 1], 'log_kz_gdp': [0], 'log_cn_gdp': [0, 1], 'post_2016': [0, 1], 'post_2016_x_minerals_broad_B': [0]}"
2016,broad,ratio,ex_2009,DiD,,,,,skipped_data_unavailable,No donor/placebo annual bilateral panel in local files; see did_placebo_status.csv.
2016,broad,ratio,ex_2020,OLS,-0.180725,0.039326,4e-06,23.0,ok,
2016,broad,ratio,ex_2020,ARDL_long_run,-0.185838,0.033603,9.7e-05,23.0,ok,"AIC lags y=[1]; x={'brent_annual_mean': [0, 1], 'kzt_usd': [0], 'log_kz_gdp': [0], 'log_cn_gdp': [0, 1], 'post_2016_x_minerals_broad_B': [0]}"
2016,broad,ratio,ex_2020,DiD,,,,,skipped_data_unavailable,No donor/placebo annual bilateral panel in local files; see did_placebo_status.csv.
2016,broad,ratio,ex_both,OLS,-0.194968,0.04278,5e-06,22.0,ok,
2016,broad,ratio,ex_both,ARDL_long_run,-0.274704,0.015086,2e-06,22.0,ok,"AIC lags y=[1]; x={'minerals_broad_B': [0, 1], 'brent_annual_mean': [0, 1], 'kzt_usd': [0], 'log_kz_gdp': [0, 1], 'log_cn_gdp': [0, 1], 'post_2016': [0, 1], 'post_2016_x_minerals_broad_B': [0, 1]}"
2016,broad,ratio,ex_both,DiD,,,,,skipped_data_unavailable,No donor/placebo annual bilateral panel in local files; see did_placebo_status.csv.
2016,wits_legacy,level,full,OLS,-4.965713,0.441191,0.0,24.0,ok,
2016,wits_legacy,level,full,ARDL_long_run,-4.158943,0.1902,0.0,24.0,ok,"AIC lags y=[1]; x={'minerals_wits_legacy_B': [0], 'brent_annual_mean': [0], 'kzt_usd': [0, 1], 'log_kz_gdp': [0], 'post_2016': [0], 'post_2016_x_minerals_wits_legacy_B': [0]}"
2016,wits_legacy,level,full,DiD,,,,,skipped_data_unavailable,No donor/placebo annual bilateral panel in local files; see did_placebo_status.csv.
2016,wits_legacy,level,ex_2009,OLS,-5.069677,0.46717,0.0,23.0,ok,
2016,wits_legacy,level,ex_2009,ARDL_long_run,-3.996947,0.080842,0.0,23.0,ok,"AIC lags y=[1]; x={'minerals_wits_legacy_B': [0, 1], 'brent_annual_mean': [0], 'kzt_usd': [0, 1], 'log_kz_gdp': [0, 1], 'log_cn_gdp': [0, 1], 'post_2016': [0], 'post_2016_x_minerals_wits_legacy_B': [0, 1]}"
2016,wits_legacy,level,ex_2009,DiD,,,,,skipped_data_unavailable,No donor/placebo annual bilateral panel in local files; see did_placebo_status.csv.
2016,wits_legacy,level,ex_2020,OLS,-4.635489,0.474295,0.0,23.0,ok,
2016,wits_legacy,level,ex_2020,ARDL_long_run,-4.185845,0.270685,0.0,23.0,ok,"AIC lags y=[1]; x={'minerals_wits_legacy_B': [0], 'brent_annual_mean': [0], 'kzt_usd': [0, 1], 'log_kz_gdp': [0], 'post_2016': [0], 'post_2016_x_minerals_wits_legacy_B': [0]}"
2016,wits_legacy,level,ex_2020,DiD,,,,,skipped_data_unavailable,No donor/placebo annual bilateral panel in local files; see did_placebo_status.csv.
2016,wits_legacy,level,ex_both,OLS,-4.741159,0.51209,0.0,22.0,ok,
2016,wits_legacy,level,ex_both,ARDL_long_run,-4.737309,0.228916,1e-06,22.0,ok,"AIC lags y=[1]; x={'minerals_wits_legacy_B': [0, 1], 'brent_annual_mean': [0, 1], 'kzt_usd': [0], 'log_kz_gdp': [0, 1], 'log_cn_gdp': [0, 1], 'post_2016': [0, 1], 'post_2016_x_minerals_wits_legacy_B': [0, 1]}"
2016,wits_legacy,level,ex_both,DiD,,,,,skipped_data_unavailable,No donor/placebo annual bilateral panel in local files; see did_placebo_status.csv.
2016,wits_legacy,ratio,full,OLS,-0.282758,0.047978,0.0,24.0,ok,
2016,wits_legacy,ratio,full,ARDL_long_run,-0.248867,0.02202,0.0,24.0,ok,"AIC lags y=[1]; x={'minerals_wits_legacy_B': [0], 'brent_annual_mean': [0], 'kzt_usd': [0, 1], 'log_kz_gdp': [0], 'post_2016_x_minerals_wits_legacy_B': [0]}"
2016,wits_legacy,ratio,full,DiD,,,,,skipped_data_unavailable,No donor/placebo annual bilateral panel in local files; see did_placebo_status.csv.
2016,wits_legacy,ratio,ex_2009,OLS,-0.287629,0.047992,0.0,23.0,ok,
2016,wits_legacy,ratio,ex_2009,ARDL_long_run,-0.178232,0.013875,4e-06,23.0,ok,"AIC lags y=[1]; x={'minerals_wits_legacy_B': [0, 1], 'brent_annual_mean': [0, 1], 'kzt_usd': [0, 1], 'log_kz_gdp': [0, 1], 'log_cn_gdp': [0, 1], 'post_2016': [0, 1], 'post_2016_x_minerals_wits_legacy_B': [0]}"
2016,wits_legacy,ratio,ex_2009,DiD,,,,,skipped_data_unavailable,No donor/placebo annual bilateral panel in local files; see did_placebo_status.csv.
2016,wits_legacy,ratio,ex_2020,OLS,-0.23319,0.0415,0.0,23.0,ok,
2016,wits_legacy,ratio,ex_2020,ARDL_long_run,-0.215443,0.01998,0.0,23.0,ok,"AIC lags y=[1]; x={'minerals_wits_legacy_B': [0], 'brent_annual_mean': [0], 'kzt_usd': [0, 1], 'log_kz_gdp': [0], 'post_2016_x_minerals_wits_legacy_B': [0]}"
2016,wits_legacy,ratio,ex_2020,DiD,,,,,skipped_data_unavailable,No donor/placebo annual bilateral panel in local files; see did_placebo_status.csv.
2016,wits_legacy,ratio,ex_both,OLS,-0.237946,0.042015,0.0,22.0,ok,
2016,wits_legacy,ratio,ex_both,ARDL_long_run,-0.248533,0.009056,0.0,22.0,ok,"AIC lags y=[1]; x={'minerals_wits_legacy_B': [0, 1], 'brent_annual_mean': [0, 1], 'kzt_usd': [0], 'log_kz_gdp': [0, 1], 'log_cn_gdp': [0, 1], 'post_2016': [0, 1], 'post_2016_x_minerals_wits_legacy_B': [0, 1]}"
2016,wits_legacy,ratio,ex_both,DiD,,,,,skipped_data_unavailable,No donor/placebo annual bilateral panel in local files; see did_placebo_status.csv.
